map_id,max_cluster_size,mean_cluster_size,n_clusters,DQN_outcome,DQN_reward,DQN_steps,PPO_outcome,PPO_reward,PPO_steps,PPO_stochastic_outcome,PPO_stochastic_reward,PPO_stochastic_steps
jezero_map_region00_00,6,1.8333333333333333,30,cycle-2,-70.00000000000009,200,success,112.80000000000001,33,success,111.4,37
jezero_map_region00_01,6,1.8333333333333333,30,cycle-2,-47.5000000000001,200,success,108.5,26,success,109.60000000000001,25
jezero_map_region00_02,6,1.8333333333333333,30,cycle-2,-67.00000000000014,200,cycle-2,-61.00000000000017,200,collision,-10.400000000000002,30
jezero_map_region00_03,6,1.8333333333333333,30,cycle-2,-62.50000000000018,200,cycle-3,-3.999999999999971,200,success,113.2,34
jezero_map_region00_04,6,1.8333333333333333,30,cycle-2,-59.50000000000016,200,cycle-2,-61.00000000000017,200,success,104.5,31
jezero_map_region00_05,6,1.8333333333333333,30,cycle-4,12.500000000000066,200,cycle-2,-52.00000000000012,200,success,110.0,26
jezero_map_region00_06,6,1.8333333333333333,30,cycle-2,-52.00000000000012,200,cycle-2,-46.00000000000009,200,success,108.00000000000001,51
jezero_map_region00_07,6,1.8333333333333333,30,success,116.9,47,cycle-2,-158.49999999999957,200,success,110.9,47
jezero_map_region00_08,6,1.8333333333333333,30,cycle-3,0.5000000000000377,200,success,115.30000000000001,43,success,113.50000000000001,46
jezero_map_region00_09,6,1.8333333333333333,30,cycle-2,-49.000000000000114,200,cycle-2,-147.99999999999963,200,success,113.7,54
jezero_map_region01_00,78,7.673913043478261,46,cycle-4,19.999999999999787,200,cycle-2,-168.99999999999952,200,success,111.9,42
jezero_map_region01_01,78,7.673913043478261,46,cycle-4,16.99999999999996,200,cycle-2,-64.00000000000017,200,success,108.5,41
jezero_map_region01_02,78,7.673913043478261,46,cycle-2,-59.50000000000016,200,success,112.4,47,collision,0.8000000000000043,28
jezero_map_region01_03,78,7.673913043478261,46,cycle-2,-71.50000000000006,200,cycle-2,-67.00000000000013,200,collision,-7.399999999999992,45
jezero_map_region01_04,78,7.673913043478261,46,cycle-2,-58.000000000000156,200,cycle-2,-62.50000000000017,200,timeout,-70.00000000000009,200
jezero_map_region01_05,78,7.673913043478261,46,cycle-2,-67.00000000000013,200,cycle-2,-67.00000000000013,200,collision,-0.19999999999999396,33
jezero_map_region01_06,78,7.673913043478261,46,cycle-2,-68.50000000000013,200,collision,-5.6000000000000005,12,collision,-5.6000000000000005,12
jezero_map_region01_07,78,7.673913043478261,46,cycle-3,-14.499999999999968,200,cycle-2,-56.50000000000015,200,timeout,-44.50000000000013,200
jezero_map_region01_08,78,7.673913043478261,46,cycle-2,-65.50000000000016,200,cycle-2,-64.00000000000017,200,collision,-5.899999999999994,90
jezero_map_region01_09,78,7.673913043478261,46,cycle-2,-59.50000000000017,200,cycle-2,-176.49999999999946,200,success,79.0,61
jezero_map_region02_00,106,7.2875,80,cycle-2,-65.50000000000017,200,cycle-3,-95.4999999999998,200,collision,-3.6999999999999904,58
jezero_map_region02_01,106,7.2875,80,cycle-2,-64.00000000000017,200,success,111.30000000000001,33,success,100.80000000000001,48
jezero_map_region02_02,106,7.2875,80,cycle-2,-68.5000000000001,200,success,107.60000000000001,20,success,105.8,23
jezero_map_region02_03,106,7.2875,80,cycle-2,-65.50000000000016,200,success,119.19999999999999,49,collision,-3.4999999999999982,21
jezero_map_region02_04,106,7.2875,80,cycle-2,-61.00000000000017,200,cycle-2,-65.50000000000016,200,success,102.30000000000001,48
jezero_map_region02_05,106,7.2875,80,cycle-2,-64.00000000000017,200,cycle-2,-52.00000000000013,200,collision,3.6000000000000068,35
jezero_map_region02_06,106,7.2875,80,cycle-2,-62.50000000000017,200,cycle-2,-59.50000000000016,200,collision,-40.80000000000008,164
jezero_map_region02_07,106,7.2875,80,cycle-2,-68.50000000000013,200,cycle-2,-58.000000000000156,200,success,109.70000000000002,44
jezero_map_region02_08,106,7.2875,80,cycle-2,-55.00000000000014,200,success,110.60000000000001,35,success,109.9,37
jezero_map_region02_09,106,7.2875,80,cycle-2,-65.50000000000016,200,collision,-4.299999999999999,19,success,105.5,26
jezero_map_region03_00,569,35.11538461538461,26,cycle-3,-19.000000000000007,200,cycle-4,-47.5000000000001,200,collision,-1.1999999999999975,23
jezero_map_region03_01,569,35.11538461538461,26,cycle-2,-65.50000000000016,200,success,108.0,21,success,108.8,23
jezero_map_region03_02,569,35.11538461538461,26,cycle-2,-68.5000000000001,200,cycle-2,-58.000000000000156,200,collision,-6.899999999999997,35
jezero_map_region03_03,569,35.11538461538461,26,cycle-2,-70.00000000000009,200,cycle-2,-55.00000000000014,200,success,100.2,39
jezero_map_region03_04,569,35.11538461538461,26,cycle-2,-68.50000000000013,200,cycle-2,-68.5000000000001,200,collision,-12.600000000000001,17
jezero_map_region03_05,569,35.11538461538461,26,cycle-2,-68.50000000000013,200,collision,1.600000000000005,30,collision,-8.8,4
jezero_map_region03_06,569,35.11538461538461,26,cycle-2,-70.00000000000009,200,cycle-3,-117.99999999999959,200,cycle-2,-61.000000000000206,200
jezero_map_region03_07,569,35.11538461538461,26,cycle-2,-71.50000000000007,200,success,112.5,36,success,91.20000000000002,99
jezero_map_region03_08,569,35.11538461538461,26,cycle-2,-65.50000000000016,200,cycle-2,-47.5000000000001,200,collision,0.5000000000000107,46
jezero_map_region03_09,569,35.11538461538461,26,cycle-2,-70.00000000000009,200,collision,-7.6,7,collision,-9.1,7
jezero_map_region04_00,1282,60.90909090909091,22,cycle-2,-65.50000000000016,200,cycle-2,-53.50000000000013,200,success,108.10000000000001,25
jezero_map_region04_01,1282,60.90909090909091,22,cycle-2,-62.50000000000017,200,cycle-2,-55.00000000000014,200,success,105.7,34
jezero_map_region04_02,1282,60.90909090909091,22,cycle-2,-67.00000000000014,200,success,110.0,26,success,110.4,27
jezero_map_region04_03,1282,60.90909090909091,22,cycle-2,-68.5000000000001,200,cycle-2,-68.5000000000001,200,collision,-7.600000000000001,37
jezero_map_region04_04,1282,60.90909090909091,22,cycle-2,-179.49999999999946,200,cycle-2,-180.99999999999946,200,success,110.80000000000001,28
jezero_map_region04_05,1282,60.90909090909091,22,cycle-2,-59.50000000000016,200,success,108.8,23,success,108.10000000000001,25
jezero_map_region04_06,1282,60.90909090909091,22,cycle-2,-64.00000000000017,200,success,109.2,24,success,107.7,24
jezero_map_region04_07,1282,60.90909090909091,22,cycle-2,-68.50000000000013,200,cycle-2,-68.50000000000013,200,success,107.0,26
jezero_map_region04_08,1282,60.90909090909091,22,cycle-3,-17.499999999999975,200,success,107.60000000000001,20,success,105.5,26
jezero_map_region04_09,1282,60.90909090909091,22,collision,-9.6,2,cycle-2,-185.49999999999943,200,success,28.299999999999997,103
