map_id,max_cluster_size,mean_cluster_size,n_clusters,DQN_easy_outcome,DQN_easy_reward,DQN_easy_steps,DQN_easy_stochastic_outcome,DQN_easy_stochastic_reward,DQN_easy_stochastic_steps,DQN_medium_outcome,DQN_medium_reward,DQN_medium_steps,DQN_medium_stochastic_outcome,DQN_medium_stochastic_reward,DQN_medium_stochastic_steps,DQN_hard_outcome,DQN_hard_reward,DQN_hard_steps,DQN_hard_stochastic_outcome,DQN_hard_stochastic_reward,DQN_hard_stochastic_steps,PPO_easy_outcome,PPO_easy_reward,PPO_easy_steps,PPO_easy_stochastic_outcome,PPO_easy_stochastic_reward,PPO_easy_stochastic_steps,PPO_medium_outcome,PPO_medium_reward,PPO_medium_steps,PPO_medium_stochastic_outcome,PPO_medium_stochastic_reward,PPO_medium_stochastic_steps,PPO_hard_outcome,PPO_hard_reward,PPO_hard_steps,PPO_hard_stochastic_outcome,PPO_hard_stochastic_reward,PPO_hard_stochastic_steps
jezero_map_region00_00,6,1.8333333333333333,30,success,113.60000000000001,35,success,112.9,37,success,112.4,32,success,111.7,34,cycle-2,-70.00000000000009,200,cycle-2,-68.50000000000011,200,success,112.10000000000001,35,collision,-1.399999999999995,30,success,112.4,32,success,111.30000000000001,33,success,112.80000000000001,33,success,112.5,36
jezero_map_region00_01,6,1.8333333333333333,30,success,113.60000000000001,35,success,112.2,39,success,108.8,23,success,108.8,23,cycle-2,-47.5000000000001,200,cycle-2,-15.999999999999963,200,cycle-2,-179.49999999999946,200,success,109.7,29,success,107.7,24,success,109.80000000000001,33,success,108.5,26,success,103.5,36
jezero_map_region00_02,6,1.8333333333333333,30,collision,-4.8,14,collision,-4.8,14,success,110.4,27,success,110.4,27,cycle-2,-67.00000000000014,200,cycle-2,-68.5000000000001,200,collision,-5.2,13,success,109.7,29,cycle-2,-61.00000000000017,200,success,106.5,36,cycle-2,-61.00000000000017,200,success,97.10000000000001,80
jezero_map_region00_03,6,1.8333333333333333,30,success,116.4,42,success,115.70000000000002,44,success,112.80000000000001,33,success,111.80000000000001,38,cycle-2,-62.50000000000018,200,cycle-2,-43.00000000000009,200,success,112.2,39,success,111.80000000000001,38,success,112.80000000000001,33,success,110.4,42,cycle-3,-3.999999999999971,200,success,111.4,37
jezero_map_region00_04,6,1.8333333333333333,30,collision,-5.2,13,collision,-5.2,13,success,111.2,29,success,110.5,31,cycle-2,-59.50000000000016,200,cycle-2,-78.99999999999996,200,success,110.0,26,success,107.10000000000001,30,success,110.4,27,success,109.0,31,cycle-2,-61.00000000000017,200,success,104.9,32
jezero_map_region00_05,6,1.8333333333333333,30,success,112.4,32,success,111.30000000000001,33,success,110.4,27,success,110.80000000000001,28,cycle-4,12.500000000000066,200,cycle-4,8.000000000000066,200,success,108.9,27,success,109.7,29,cycle-2,-179.49999999999946,200,success,106.4,32,cycle-2,-52.00000000000012,200,success,50.39999999999994,132
jezero_map_region00_06,6,1.8333333333333333,30,collision,9.999999999999993,51,collision,7.800000000000004,53,success,113.60000000000001,35,collision,3.6000000000000068,35,cycle-2,-52.00000000000012,200,cycle-4,9.500000000000066,200,cycle-2,-67.00000000000014,200,success,113.30000000000001,38,cycle-2,-46.00000000000009,200,success,109.4,47,cycle-2,-46.00000000000009,200,success,111.10000000000001,40
jezero_map_region00_07,6,1.8333333333333333,30,success,118.4,47,success,118.8,48,success,115.60000000000001,40,success,114.20000000000002,44,success,116.9,47,success,117.7,49,cycle-2,-162.99999999999955,200,success,115.2,39,success,115.60000000000001,40,success,116.4,42,cycle-2,-158.49999999999957,200,success,112.70000000000002,44
jezero_map_region00_08,6,1.8333333333333333,30,success,125.19999999999997,64,success,124.09999999999998,65,success,116.0,41,success,116.5,46,cycle-3,0.5000000000000377,200,cycle-2,-20.49999999999998,200,cycle-2,-41.50000000000007,200,success,114.4,52,cycle-2,-41.50000000000007,200,success,114.60000000000001,45,success,115.30000000000001,43,success,108.00000000000001,66
jezero_map_region00_09,6,1.8333333333333333,30,success,121.6,55,success,121.19999999999999,54,success,118.0,46,success,118.0,46,cycle-2,-49.000000000000114,200,cycle-2,-44.50000000000009,200,success,119.6,50,success,118.8,48,success,118.0,46,success,117.0,51,cycle-2,-147.99999999999963,200,success,116.69999999999999,54
jezero_map_region01_00,78,7.673913043478261,46,success,117.6,45,success,116.20000000000002,49,success,113.2,34,success,113.60000000000001,35,cycle-4,19.999999999999787,200,cycle-4,13.999999999999936,200,success,114.0,36,success,112.30000000000001,43,success,114.0,36,success,112.60000000000001,40,cycle-2,-168.99999999999952,200,success,112.9,37
jezero_map_region01_01,78,7.673913043478261,46,collision,4.800000000000008,38,collision,3.700000000000008,39,success,111.2,29,success,111.60000000000001,30,cycle-4,16.99999999999996,200,success,112.40000000000005,167,success,111.30000000000001,33,success,110.9,32,cycle-2,-65.50000000000017,200,success,108.7,34,cycle-2,-64.00000000000017,200,success,113.2,34
jezero_map_region01_02,78,7.673913043478261,46,collision,8.0,46,collision,2.1000000000000068,35,collision,0.8000000000000043,28,collision,0.10000000000000497,30,cycle-2,-59.50000000000016,200,cycle-2,-56.500000000000156,200,cycle-2,-56.50000000000015,200,collision,-8.699999999999996,38,cycle-2,-55.00000000000014,200,collision,0.8000000000000096,43,success,112.4,47,collision,-2.4999999999999947,31
jezero_map_region01_03,78,7.673913043478261,46,collision,-8.0,6,collision,-8.0,6,collision,-8.0,6,collision,-8.0,6,cycle-2,-71.50000000000006,200,collision,-77.30000000000013,174,cycle-3,-18.999999999999996,200,collision,-7.5,11,collision,-8.0,6,collision,-8.7,8,cycle-2,-67.00000000000013,200,collision,-9.1,7
jezero_map_region01_04,78,7.673913043478261,46,collision,3.552713678800501e-15,26,collision,-0.2999999999999954,29,collision,-3.1999999999999984,18,collision,-3.5999999999999988,17,cycle-2,-58.000000000000156,200,collision,-21.99999999999999,76,cycle-2,-59.50000000000016,200,collision,-11.600000000000001,27,cycle-2,-59.50000000000016,200,collision,-20.099999999999994,62,cycle-2,-62.50000000000017,200,cycle-2,-70.00000000000009,200
jezero_map_region01_05,78,7.673913043478261,46,collision,-8.4,5,collision,-8.4,5,collision,0.4000000000000039,27,collision,-0.2999999999999954,29,cycle-2,-67.00000000000013,200,collision,-15.9,35,cycle-2,-64.00000000000017,200,collision,-4.4,30,cycle-2,-149.49999999999963,200,collision,-7.5,11,cycle-2,-67.00000000000013,200,collision,0.2000000000000064,34
jezero_map_region01_06,78,7.673913043478261,46,collision,-2.3999999999999977,20,collision,-3.5999999999999988,17,collision,0.8000000000000043,28,collision,0.8000000000000043,28,cycle-2,-68.50000000000013,200,cycle-2,-64.00000000000018,200,cycle-3,-70.00000000000006,200,success,115.19999999999997,69,collision,-7.6,7,collision,-6.5,36,collision,-5.6000000000000005,12,success,66.69999999999999,124
jezero_map_region01_07,78,7.673913043478261,46,collision,0.4000000000000039,27,collision,0.4000000000000039,27,success,110.0,26,success,109.30000000000001,28,cycle-3,-14.499999999999968,200,cycle-3,-20.50000000000001,200,cycle-4,-53.50000000000013,200,collision,-7.3,34,cycle-2,-56.50000000000015,200,collision,-4.799999999999993,44,cycle-2,-56.50000000000015,200,collision,-41.300000000000054,144
jezero_map_region01_08,78,7.673913043478261,46,collision,-2.799999999999998,19,collision,-3.4999999999999982,21,collision,1.2000000000000046,29,collision,1.600000000000005,30,cycle-2,-65.50000000000016,200,cycle-2,-68.50000000000011,200,cycle-3,-15.999999999999966,200,collision,-6.300000000000001,14,collision,-5.6000000000000005,12,success,112.40000000000002,77,cycle-2,-64.00000000000017,200,collision,-13.49999999999999,101
jezero_map_region01_09,78,7.673913043478261,46,collision,-1.5999999999999979,22,collision,-3.099999999999998,22,success,110.80000000000001,28,success,110.10000000000001,30,cycle-2,-59.50000000000017,200,cycle-2,-59.50000000000017,200,cycle-2,-56.50000000000015,200,success,96.5,56,cycle-2,-61.00000000000017,200,success,110.5,31,cycle-2,-176.49999999999946,200,success,87.4,52
jezero_map_region02_00,106,7.2875,80,collision,0.8000000000000043,28,collision,0.5000000000000053,31,collision,-4.8,14,collision,-4.8,14,cycle-2,-65.50000000000017,200,collision,-15.9,35,collision,-10.0,1,collision,-6.700000000000001,13,success,116.80000000000001,43,collision,-11.3,24,cycle-3,-95.4999999999998,200,collision,-9.6,2
jezero_map_region02_01,106,7.2875,80,cycle-2,-50.500000000000114,200,collision,-3.4999999999999982,21,collision,-6.800000000000001,9,collision,-6.800000000000001,9,cycle-2,-64.00000000000017,200,cycle-2,-65.50000000000017,200,cycle-2,-56.50000000000015,200,success,101.4,42,cycle-2,-50.500000000000114,200,success,109.7,29,success,111.30000000000001,33,success,107.2,34
jezero_map_region02_02,106,7.2875,80,collision,-6.800000000000001,9,collision,-6.800000000000001,9,success,105.8,23,success,106.2,24,cycle-2,-68.5000000000001,200,cycle-2,-65.50000000000016,200,success,107.60000000000001,20,collision,-6.500000000000001,21,cycle-2,-56.50000000000015,200,success,101.5,31,success,107.60000000000001,20,success,106.5,21
jezero_map_region02_03,106,7.2875,80,collision,-1.9999999999999982,21,collision,3.300000000000008,38,success,118.4,47,collision,-3.5999999999999988,17,cycle-2,-65.50000000000016,200,collision,-59.30000000000015,174,collision,-0.7999999999999972,24,collision,-4.8,14,collision,-2.3999999999999977,20,collision,-0.29999999999999005,44,success,119.19999999999999,49,collision,-10.39999999999999,60
jezero_map_region02_04,106,7.2875,80,collision,-0.3999999999999968,25,collision,-0.6999999999999957,28,collision,-3.5999999999999988,17,collision,-3.5999999999999988,17,cycle-2,-61.00000000000017,200,cycle-2,-61.00000000000017,200,cycle-2,-56.50000000000015,200,collision,0.7000000000000117,54,cycle-3,-90.99999999999983,200,success,111.4,37,cycle-2,-65.50000000000016,200,success,110.50000000000001,46
jezero_map_region02_05,106,7.2875,80,collision,0.4000000000000039,27,collision,-0.2999999999999954,29,success,114.4,37,success,113.00000000000001,41,cycle-2,-64.00000000000017,200,collision,-29.700000000000003,98,cycle-2,-49.000000000000114,200,success,108.60000000000001,45,cycle-2,-41.50000000000007,200,success,110.60000000000001,50,cycle-2,-52.00000000000013,200,collision,-2.1999999999999957,28
jezero_map_region02_06,106,7.2875,80,collision,-10.0,1,collision,-10.0,1,collision,-10.0,1,collision,-10.0,1,cycle-2,-62.50000000000017,200,cycle-2,-62.50000000000017,200,cycle-4,-61.00000000000017,200,collision,-3.6999999999999975,28,cycle-4,-62.50000000000017,200,success,107.80000000000001,28,cycle-2,-59.50000000000016,200,collision,-24.599999999999987,77
jezero_map_region02_07,106,7.2875,80,collision,3.552713678800501e-15,26,collision,-1.099999999999996,27,success,115.2,39,success,114.50000000000001,41,cycle-2,-68.50000000000013,200,cycle-4,-32.5000000000002,200,cycle-2,-49.000000000000114,200,success,106.4,47,cycle-2,-49.000000000000114,200,success,103.9,52,cycle-2,-58.000000000000156,200,success,112.9,37
jezero_map_region02_08,106,7.2875,80,collision,6.800000000000004,43,collision,6.800000000000004,43,success,110.5,31,success,110.9,32,cycle-2,-55.00000000000014,200,cycle-3,-29.50000000000015,200,success,111.2,29,success,109.4,32,success,111.60000000000001,30,success,113.2,34,success,110.60000000000001,35,success,108.4,37
jezero_map_region02_09,106,7.2875,80,collision,-2.3999999999999977,20,collision,-3.099999999999998,22,collision,-2.799999999999998,19,collision,-3.099999999999998,22,cycle-2,-65.50000000000016,200,cycle-2,-64.00000000000018,200,cycle-2,-188.4999999999994,200,success,99.0,36,cycle-2,-188.4999999999994,200,collision,-9.4,10,collision,-4.299999999999999,19,success,104.10000000000001,30
jezero_map_region03_00,569,35.11538461538461,26,collision,-1.5999999999999979,22,collision,0.9000000000000057,32,collision,-8.8,4,collision,-8.8,4,cycle-3,-19.000000000000007,200,cycle-3,-22.000000000000043,200,cycle-2,-55.00000000000014,200,collision,-7.4,30,cycle-2,-50.500000000000114,200,collision,-0.5999999999999943,32,cycle-4,-47.5000000000001,200,collision,-0.19999999999999396,33
jezero_map_region03_01,569,35.11538461538461,26,success,110.0,26,success,109.30000000000001,28,success,108.0,21,success,108.0,21,cycle-2,-65.50000000000016,200,cycle-2,-65.50000000000017,200,cycle-2,-58.000000000000156,200,success,104.10000000000001,30,success,108.0,21,success,107.3,23,success,108.0,21,success,107.3,23
jezero_map_region03_02,569,35.11538461538461,26,collision,-6.800000000000001,9,collision,-6.800000000000001,9,collision,-8.0,6,collision,-8.0,6,cycle-2,-68.5000000000001,200,cycle-2,-70.00000000000007,200,cycle-3,-14.49999999999997,200,collision,-16.899999999999995,70,collision,-9.1,7,collision,-7.2,8,cycle-2,-58.000000000000156,200,collision,-30.20000000000002,78
jezero_map_region03_03,569,35.11538461538461,26,collision,0.4000000000000039,27,collision,-0.2999999999999954,29,collision,-1.5999999999999979,22,collision,-1.5999999999999979,22,cycle-2,-70.00000000000009,200,cycle-2,-64.00000000000017,200,collision,-1.5999999999999979,22,collision,-1.5999999999999979,22,success,107.7,24,success,108.10000000000001,25,cycle-2,-55.00000000000014,200,success,101.9,32
jezero_map_region03_04,569,35.11538461538461,26,collision,-9.5,6,collision,-9.5,6,collision,-7.6,7,collision,-7.6,7,cycle-2,-68.50000000000013,200,collision,-54.100000000000094,127,collision,-14.5,16,collision,-10.1,12,cycle-2,-68.50000000000013,200,collision,-10.1,12,cycle-2,-68.5000000000001,200,collision,-17.199999999999992,43
jezero_map_region03_05,569,35.11538461538461,26,collision,-9.2,3,collision,-9.2,3,collision,-0.7999999999999972,24,collision,-1.4999999999999964,26,cycle-2,-68.50000000000013,200,collision,-43.900000000000055,100,cycle-2,-56.50000000000015,200,collision,-3.5999999999999943,32,success,112.4,32,collision,-8.8,4,collision,1.600000000000005,30,collision,-3.9999999999999964,31
jezero_map_region03_06,569,35.11538461538461,26,collision,-8.0,6,collision,-8.0,6,collision,-8.0,6,collision,-8.0,6,cycle-2,-70.00000000000009,200,cycle-2,-70.00000000000007,200,cycle-4,-143.49999999999946,200,collision,-11.0,6,cycle-2,-70.00000000000009,200,collision,-5.700000000000001,23,cycle-3,-117.99999999999959,200,collision,-10.5,11
jezero_map_region03_07,569,35.11538461538461,26,collision,-7.6,7,collision,-7.6,7,collision,-8.0,6,collision,-8.0,6,cycle-2,-71.50000000000007,200,collision,-55.60000000000011,127,collision,-2.799999999999998,19,collision,-7.6,7,cycle-3,-9.999999999999972,200,collision,-3.8999999999999986,20,success,112.5,36,collision,-0.7999999999999972,24
jezero_map_region03_08,569,35.11538461538461,26,collision,6.000000000000007,41,collision,5.6000000000000085,40,collision,1.600000000000005,30,collision,0.9000000000000057,32,cycle-2,-65.50000000000016,200,cycle-2,-64.00000000000018,200,cycle-2,-44.500000000000085,200,success,109.30000000000001,43,success,113.4,42,collision,-0.6999999999999904,43,cycle-2,-47.5000000000001,200,success,109.10000000000001,50
jezero_map_region03_09,569,35.11538461538461,26,collision,-9.6,2,collision,-9.6,2,collision,-8.8,4,collision,-8.8,4,cycle-2,-70.00000000000009,200,collision,-15.600000000000001,17,cycle-2,-70.00000000000009,200,collision,-9.6,2,collision,-8.8,4,collision,-8.8,4,collision,-7.6,7,collision,-8.3,9
jezero_map_region04_00,1282,60.90909090909091,22,collision,-6.4,10,collision,-6.4,10,success,109.2,24,success,109.2,24,cycle-2,-65.50000000000016,200,cycle-2,-56.50000000000017,200,success,108.8,23,success,105.60000000000001,30,success,109.2,24,success,109.2,24,cycle-2,-53.50000000000013,200,success,106.7,29
jezero_map_region04_01,1282,60.90909090909091,22,collision,-4.3999999999999995,15,collision,-4.3999999999999995,15,success,108.5,26,success,108.9,27,cycle-2,-62.50000000000017,200,cycle-2,-56.50000000000015,200,success,111.2,29,success,111.2,29,cycle-2,-55.00000000000014,200,success,101.9,47,cycle-2,-55.00000000000014,200,success,101.9,47
jezero_map_region04_02,1282,60.90909090909091,22,success,115.2,39,collision,3.6000000000000068,35,success,110.4,27,success,109.7,29,cycle-2,-67.00000000000014,200,cycle-3,-40.000000000000185,200,cycle-2,-49.000000000000114,200,success,109.5,36,collision,-1.8999999999999968,25,success,110.80000000000001,28,success,110.0,26,success,110.4,27
jezero_map_region04_03,1282,60.90909090909091,22,collision,-7.6,7,collision,-7.6,7,success,110.4,27,success,110.10000000000001,30,cycle-2,-68.5000000000001,200,cycle-2,-68.5000000000001,200,cycle-2,-67.00000000000013,200,collision,-9.4,25,collision,-9.5,6,collision,-8.4,5,cycle-2,-68.5000000000001,200,collision,-8.6,12
jezero_map_region04_04,1282,60.90909090909091,22,collision,-4.3999999999999995,15,collision,-4.3999999999999995,15,success,111.60000000000001,30,success,110.5,31,cycle-2,-179.49999999999946,200,cycle-2,-167.4999999999995,200,success,110.80000000000001,28,success,109.0,31,cycle-2,-50.50000000000012,200,success,104.10000000000001,45,cycle-2,-180.99999999999946,200,success,102.50000000000001,41
jezero_map_region04_05,1282,60.90909090909091,22,success,112.0,31,success,111.30000000000001,33,success,109.60000000000001,25,success,110.0,26,cycle-2,-59.50000000000016,200,cycle-2,-59.50000000000017,200,collision,-1.1999999999999975,23,collision,-7.1000000000000005,27,cycle-2,-61.00000000000017,200,collision,-2.9999999999999964,26,success,108.8,23,success,108.8,23
jezero_map_region04_06,1282,60.90909090909091,22,success,113.60000000000001,35,success,114.0,36,success,108.8,23,success,108.10000000000001,25,cycle-2,-64.00000000000017,200,cycle-2,-50.50000000000018,200,cycle-2,-52.00000000000013,200,success,107.9,32,success,108.8,23,success,107.7,24,success,109.2,24,success,106.60000000000001,25
jezero_map_region04_07,1282,60.90909090909091,22,success,111.60000000000001,30,success,110.9,32,success,109.2,24,success,108.5,26,cycle-2,-68.50000000000013,200,collision,-14.100000000000001,17,success,110.0,26,success,110.0,26,cycle-2,-68.50000000000013,200,success,106.0,31,cycle-2,-68.50000000000013,200,success,107.7,24
jezero_map_region04_08,1282,60.90909090909091,22,success,113.60000000000001,35,collision,2.1000000000000068,35,success,107.60000000000001,20,collision,-2.3999999999999977,20,cycle-3,-17.499999999999975,200,cycle-2,-49.00000000000013,200,success,106.9,22,success,103.3,28,collision,-2.799999999999998,19,success,108.0,21,success,107.60000000000001,20,success,104.4,27
jezero_map_region04_09,1282,60.90909090909091,22,collision,-7.2,8,collision,-7.2,8,success,110.4,27,collision,-3.5999999999999988,17,collision,-9.6,2,collision,-9.6,2,collision,-10.0,1,collision,-10.0,1,collision,-10.0,1,collision,-10.0,1,cycle-2,-185.49999999999943,200,collision,-11.8,4
